params,param_model__max_depth,param_model__max_features,param_model__min_samples_leaf,param_model__n_estimators,mean_test_macro_f1,std_test_macro_f1,split0_test_macro_f1,split1_test_macro_f1,split2_test_macro_f1,split3_test_macro_f1,split4_test_macro_f1,mean_test_balanced_accuracy,std_test_balanced_accuracy,split0_test_balanced_accuracy,split1_test_balanced_accuracy,split2_test_balanced_accuracy,split3_test_balanced_accuracy,split4_test_balanced_accuracy,mean_train_macro_f1,std_train_macro_f1,split0_train_macro_f1,split1_train_macro_f1,split2_train_macro_f1,split3_train_macro_f1,split4_train_macro_f1,mean_train_balanced_accuracy,std_train_balanced_accuracy,split0_train_balanced_accuracy,split1_train_balanced_accuracy,split2_train_balanced_accuracy,split3_train_balanced_accuracy,split4_train_balanced_accuracy,rank_test_macro_f1
"{'model__max_depth': None, 'model__max_features': 'sqrt', 'model__min_samples_leaf': 2, 'model__n_estimators': 300}",,sqrt,2,300,0.7192306175749115,0.017505675459309533,0.7255043575348868,0.7150137128682544,0.7384454799638442,0.6876227901737183,0.7295667473338542,0.7198194099328016,0.01732750890695617,0.7262375879287984,0.7143532644252805,0.7390215733723223,0.6890261083880862,0.7304585155495203,0.9701120192443835,0.002066580343580361,0.9736579206489268,0.9675556073684793,0.9693525661983197,0.9690909420062516,0.9709030599999399,0.9705063598878745,0.00202398068891036,0.974055668953706,0.9679769110001359,0.9698495701761658,0.9696214400451876,0.9710282092641771,1
"{'model__max_depth': 20, 'model__max_features': 'sqrt', 'model__min_samples_leaf': 2, 'model__n_estimators': 300}",20.0,sqrt,2,300,0.718166407781217,0.017432725068282844,0.729319115447432,0.7132557870269652,0.7345488546049556,0.6862788753653838,0.7274294064613481,0.7188718363424103,0.017075013909514394,0.7301678602735527,0.7124806052492505,0.7351039244212414,0.6882725701687873,0.7283342215992192,0.9692569314394447,0.002144058888725865,0.9722840128511866,0.9656155355553487,0.9693525661983197,0.9690589440589106,0.9699735985334582,0.9696250787489487,0.0021322260580113137,0.9726368748983732,0.9659702846676669,0.9698495701761658,0.969546639681294,0.9701220243212427,2
"{'model__max_depth': 20, 'model__max_features': 'sqrt', 'model__min_samples_leaf': 1, 'model__n_estimators': 600}",20.0,sqrt,1,600,0.7176762368063292,0.018325293756415784,0.7238090891826919,0.701479600681167,0.7415901620763913,0.6918918179080782,0.7296105141833173,0.7182130293446385,0.018407837589790782,0.7246180300608339,0.7003829971979649,0.7420031950697727,0.6934174548524065,0.7306434695422146,1.0,0.0,1.0,1.0,1.0,1.0,1.0,1.0,0.0,1.0,1.0,1.0,1.0,1.0,3
"{'model__max_depth': None, 'model__max_features': 0.5, 'model__min_samples_leaf': 2, 'model__n_estimators': 600}",,0.5,2,600,0.7170317305774095,0.01319815519665901,0.7176854372287959,0.7110072180858525,0.7274566095572577,0.6956263401276188,0.7333830478875232,0.7177675337469147,0.013195051364263516,0.7180646307686461,0.710090954276157,0.728839918780891,0.6974533770146052,0.7343887878942744,0.9794720446985892,0.0009518603253820763,0.9811328205046039,0.9788759186286563,0.9784654207147927,0.9789948842533542,0.9798911793915385,0.9796297882274667,0.0009166103182038279,0.9813087902794319,0.9791793539183874,0.9786520223318345,0.9791949874897358,0.9798137871179438,4
"{'model__max_depth': None, 'model__max_features': 'sqrt', 'model__min_samples_leaf': 1, 'model__n_estimators': 600}",,sqrt,1,600,0.7169048999836917,0.01624759333707659,0.7238285222492876,0.7013637262863573,0.7340419533822833,0.6939303518466767,0.7313599461538535,0.7174398180403305,0.016283944348505455,0.7246180300608339,0.7003829971979649,0.7342861703787283,0.6955807178385752,0.7323311747255502,1.0,0.0,1.0,1.0,1.0,1.0,1.0,1.0,0.0,1.0,1.0,1.0,1.0,1.0,5
"{'model__max_depth': None, 'model__max_features': 'sqrt', 'model__min_samples_leaf': 2, 'model__n_estimators': 600}",,sqrt,2,600,0.7166970992601278,0.018818732780046747,0.7272466392000657,0.7055229716520038,0.7343507080641908,0.6849670129696589,0.7313981644147196,0.717330956082936,0.018754778772926115,0.7281102471048285,0.7044729767480672,0.7349315938222202,0.6866905148028962,0.7324494479366678,0.9711503571532907,0.002139556128365609,0.9750081178632272,0.9690074621259889,0.9717549890427178,0.9695671871090207,0.9704140296254992,0.9714919516076774,0.0021071685003363387,0.9752684538457416,0.9693512607370778,0.9721747605748551,0.9700148044753014,0.9706504784054116,6
"{'model__max_depth': None, 'model__max_features': 0.5, 'model__min_samples_leaf': 2, 'model__n_estimators': 300}",,0.5,2,300,0.7164350116782696,0.015025896715271837,0.7235846768727372,0.7066809101280921,0.7239541678314078,0.6925999448580095,0.7353553587011016,0.7171569658547715,0.015153624690165143,0.7241799747600742,0.7058286441270337,0.7250946004288311,0.6941169356838017,0.7365646742741164,0.9778789132652724,0.0010668896047834092,0.9792841372790377,0.9784565718816772,0.9760799501056215,0.9780416509018147,0.9775322561582104,0.9781133195708656,0.0010124937539369762,0.9794656994061812,0.9788161341333542,0.9765512330248264,0.9782140021829077,0.9775195291070585,7
"{'model__max_depth': 20, 'model__max_features': 'sqrt', 'model__min_samples_leaf': 2, 'model__n_estimators': 600}",20.0,sqrt,2,600,0.7159471419079397,0.016628690972133486,0.7219093133071629,0.7093270640796171,0.7323461064102528,0.6867414610367838,0.7294117647058824,0.716548575720718,0.016463913164847757,0.7227471865326379,0.7082723524880304,0.732886604047169,0.6884449007678084,0.7303918347679437,0.9711575355955008,0.0018033369225549014,0.974089040317637,0.9690074621259889,0.9717442294520775,0.9695344598401184,0.971412486241682,0.9715004523858906,0.0017718565402489405,0.974361692560506,0.9693512607370778,0.9721446159297744,0.9699400041114078,0.9717046885906869,8
"{'model__max_depth': 20, 'model__max_features': 0.5, 'model__min_samples_leaf': 2, 'model__n_estimators': 600}",20.0,0.5,2,600,0.7143775741363483,0.013484403604447918,0.7195583459954321,0.7072925916080554,0.7235747663990763,0.6917452176419591,0.7297169490372184,0.7150750416074979,0.013458107467568212,0.7198098314667263,0.7063456359240972,0.7249222698298099,0.693535728063524,0.7307617427533323,0.9788148790954139,0.0012121184309451495,0.9806562589514769,0.978387983703985,0.9770095898818928,0.9785424125334473,0.9794781504062674,0.978968825903368,0.0011344690659754618,0.9807671892065551,0.9786665334055669,0.9772776725948926,0.9787268226957281,0.9794059116140975,9
"{'model__max_depth': None, 'model__max_features': 'sqrt', 'model__min_samples_leaf': 1, 'model__n_estimators': 300}",,sqrt,1,300,0.7141447769728504,0.015404513539663963,0.7172348664249771,0.7017268928220256,0.7325362315077185,0.6916766413782612,0.7275492527312691,0.7149028096815399,0.015385901060740554,0.7183177320767115,0.7007918742192215,0.7332312652452114,0.6936540012746418,0.7285191755919135,1.0,0.0,1.0,1.0,1.0,1.0,1.0,1.0,0.0,1.0,1.0,1.0,1.0,1.0,10
"{'model__max_depth': 20, 'model__max_features': 0.5, 'model__min_samples_leaf': 2, 'model__n_estimators': 300}",20.0,0.5,2,300,0.7139930215396084,0.015376692752222079,0.7270463741051977,0.7051885599064757,0.7259413652203631,0.687723455979552,0.7240653524864538,0.7148576108353148,0.01535306911068321,0.7277978346341846,0.7041283155500248,0.727430194014021,0.6897363523235608,0.7251953576547834,0.9775947094747437,0.001674879238751763,0.980666207535883,0.9770280227125662,0.975578251625323,0.9771437462759606,0.9775573192239859,0.9778087177347559,0.0015934441028675151,0.9807814888798655,0.9773223283137057,0.9759636121481122,0.9774127622489477,0.9775633970831482,11
"{'model__max_depth': 20, 'model__max_features': 'sqrt', 'model__min_samples_leaf': 1, 'model__n_estimators': 300}",20.0,sqrt,1,300,0.7139777383287427,0.020756708130720114,0.7176512314407174,0.6962569732277962,0.7398639202457504,0.6847504489915964,0.7313661177378533,0.7145202894054645,0.02081521112252865,0.7186301445473552,0.6951738966911316,0.7403028664927639,0.6862816377816396,0.7322129015144325,1.0,0.0,1.0,1.0,1.0,1.0,1.0,1.0,0.0,1.0,1.0,1.0,1.0,1.0,12
"{'model__max_depth': None, 'model__max_features': 'sqrt', 'model__min_samples_leaf': 5, 'model__n_estimators': 600}",,sqrt,5,600,0.713666163497725,0.021141587887424654,0.7402825375426486,0.6932463803241232,0.7323314888569489,0.6862021922154372,0.7162682185494672,0.7147087715980168,0.02079577180597369,0.7408258341025628,0.6931181438120012,0.7331772078573078,0.6889179936122791,0.7175046786059336,0.864602933271556,0.0040485212103467585,0.872424474783458,0.8632100516859507,0.8639502953631988,0.8607851809534229,0.86264466357175,0.8661536256868452,0.0037963881484953444,0.8734987841114202,0.8647716900422536,0.8656053196165261,0.8626586346567447,0.8642337000072811,13
"{'model__max_depth': None, 'model__max_features': 0.5, 'model__min_samples_leaf': 1, 'model__n_estimators': 600}",,0.5,1,600,0.7133220955380686,0.013746346903099858,0.7202851530757437,0.7053516184483136,0.7268860678143169,0.6901621317822092,0.7239255065697593,0.7138722377231098,0.013773046762115895,0.7210001701867236,0.7043648619722602,0.7275592303292179,0.6915447956763764,0.7248921304509715,1.0,0.0,1.0,1.0,1.0,1.0,1.0,1.0,0.0,1.0,1.0,1.0,1.0,1.0,14
"{'model__max_depth': 20, 'model__max_features': 0.5, 'model__min_samples_leaf': 1, 'model__n_estimators': 600}",20.0,0.5,1,600,0.7131559529649029,0.016019068446947265,0.7123415838195665,0.7053456458822803,0.7288751273129757,0.6878241878241879,0.7313932199855042,0.7138152663890803,0.015969396606348028,0.7133945424531145,0.7042465887611424,0.7296042201042692,0.6894998059013253,0.7323311747255502,1.0,0.0,1.0,1.0,1.0,1.0,1.0,1.0,0.0,1.0,1.0,1.0,1.0,1.0,15
"{'model__max_depth': 20, 'model__max_features': 'sqrt', 'model__min_samples_leaf': 5, 'model__n_estimators': 300}",20.0,sqrt,5,300,0.7129565016256036,0.020538142987512147,0.7383125060544415,0.6896957826737967,0.728840419366735,0.687979969993215,0.7199538300398296,0.7140688120808126,0.020369699104199637,0.7392080918824323,0.6896093718821766,0.7298407665265044,0.6906723795771915,0.7210134505357582,0.8629251728187011,0.005115651292983956,0.8724483296596827,0.8594302521492198,0.8591677987668392,0.8594182246385209,0.8641612588792431,0.8644794904689326,0.004944181155837334,0.873617057322538,0.8608778934600223,0.8606858820086535,0.8613892299287773,0.8658273896246719,16
"{'model__max_depth': 20, 'model__max_features': 'sqrt', 'model__min_samples_leaf': 5, 'model__n_estimators': 600}",20.0,sqrt,5,600,0.7128859276465412,0.0211890083329573,0.7366274762999643,0.6933257956195433,0.7341895850959853,0.6840185626677463,0.7162682185494672,0.7139762251989806,0.020794010119798322,0.7373354327064022,0.6932364170231189,0.7349315938222202,0.686873003837228,0.7175046786059336,0.8647006508214978,0.0040113574522417355,0.872424474783458,0.8627458047503995,0.8639248109829443,0.8608061508186057,0.8636020127720818,0.8662500033118483,0.0037551017296915882,0.8734987841114202,0.8643035252482459,0.8655305192526325,0.8627032903755577,0.8652138975713859,17
"{'model__max_depth': 10, 'model__max_features': 'sqrt', 'model__min_samples_leaf': 1, 'model__n_estimators': 600}",10.0,sqrt,1,600,0.7128285611926306,0.02131724243584857,0.7368212467065519,0.6973037707492322,0.7322363823948774,0.6803129644131278,0.7174684416993634,0.7130277216232551,0.020872253226987672,0.7368937461099745,0.6960564712256273,0.7320688500046559,0.6824282046537727,0.7176913361222449,0.9288197857784624,0.0022804970001686115,0.9272963995842624,0.9303142087902496,0.9281299450611801,0.9323975030846512,0.9259608723719689,0.928309852563151,0.0025047997323470513,0.9266203445063063,0.9295949373653901,0.9277993235484857,0.9323856860164055,0.9251489713791682,18
"{'model__max_depth': 20, 'model__max_features': 0.5, 'model__min_samples_leaf': 5, 'model__n_estimators': 300}",20.0,0.5,5,300,0.7124125359456374,0.017914683962769157,0.7310158593369446,0.6952943888425068,0.7233954686773791,0.6865926035726964,0.7257643592986595,0.7134346458727623,0.017726720577529102,0.7314050427076685,0.6947542565657958,0.7250405430409277,0.689208597422418,0.7267647896270013,0.8787077600326019,0.0041587910786994335,0.8861058973877006,0.8745545473072189,0.8791083502724523,0.8788459643569788,0.8749240408386579,0.880154797409482,0.004062270741232115,0.8872776964763002,0.8760489333243987,0.8805206912465251,0.8805917625711214,0.8763349034290653,19
"{'model__max_depth': None, 'model__max_features': 0.5, 'model__min_samples_leaf': 5, 'model__n_estimators': 600}",,0.5,5,600,0.7121993866258112,0.019260551522686888,0.7325318845174492,0.6970032116363646,0.7234962738411014,0.682212788895627,0.7257527742385137,0.7133613519010528,0.018894104260210123,0.7329652894130544,0.6966269157418257,0.7253311468510665,0.6851186178723156,0.7267647896270013,0.8796624608629424,0.004231635206268456,0.8875936418950116,0.8750507575582839,0.8795235205174586,0.878449703246308,0.8776946810976501,0.8810669020503697,0.004099844764586947,0.8887403585077228,0.876636554201113,0.8808392553127452,0.8802430538598207,0.8788752883704468,20
"{'model__max_depth': 20, 'model__max_features': 0.5, 'model__min_samples_leaf': 5, 'model__n_estimators': 600}",20.0,0.5,5,600,0.7118592973440953,0.019291942634114878,0.7325318845174492,0.6931012199142762,0.7234962738411014,0.6844143342091359,0.7257527742385137,0.7129868200658468,0.0190754897861116,0.7329652894130544,0.6927092667907447,0.7253311468510665,0.687163607647367,0.7267647896270013,0.8798477924313017,0.004007203348850787,0.887087056085484,0.8750409228604848,0.8800135321554938,0.8793772304377175,0.8777202206173284,0.8812361964493846,0.003874073639216304,0.888198757434846,0.876636554201113,0.8813520758255656,0.8810744384388615,0.8789191563465365,21
"{'model__max_depth': None, 'model__max_features': 0.5, 'model__min_samples_leaf': 5, 'model__n_estimators': 300}",,0.5,5,300,0.7116426269299276,0.0177721054607303,0.7328325960037501,0.6952943888425068,0.7177128917209696,0.6866088987837525,0.7257643592986595,0.7126492790291796,0.017517891440480993,0.7331502434057486,0.6947542565657958,0.7193685081249342,0.689208597422418,0.7267647896270013,0.8786209085114377,0.004160532364125043,0.886129526259141,0.874564878810251,0.878636363066266,0.8788497335828729,0.8749240408386579,0.8800908117792332,0.004086290366867242,0.8873511327551693,0.8760489333243987,0.8800525264525176,0.8806665629350151,0.8763349034290653,22
"{'model__max_depth': None, 'model__max_features': 0.5, 'model__min_samples_leaf': 1, 'model__n_estimators': 300}",,0.5,1,300,0.7114415193508253,0.015308006154111617,0.721985396209643,0.6971773966447664,0.7267881942977231,0.6889860488308203,0.7222705607711738,0.7119676371060104,0.015582381170755975,0.7228728293627537,0.6964755066821947,0.7274409571181003,0.6898444670993676,0.7232044252676357,1.0,0.0,1.0,1.0,1.0,1.0,1.0,1.0,0.0,1.0,1.0,1.0,1.0,1.0,23
"{'model__max_depth': 20, 'model__max_features': 0.5, 'model__min_samples_leaf': 1, 'model__n_estimators': 300}",20.0,0.5,1,300,0.7113328598316844,0.02001201880237997,0.7240613321947603,0.6916325825365942,0.7287607846708601,0.6827179257541788,0.7294916740020277,0.7119138780760836,0.020252088732380956,0.7250579010094276,0.6906851985550834,0.7296042201042692,0.6840001015843531,0.7302219691272849,1.0,0.0,1.0,1.0,1.0,1.0,1.0,1.0,0.0,1.0,1.0,1.0,1.0,1.0,24
"{'model__max_depth': None, 'model__max_features': 'sqrt', 'model__min_samples_leaf': 5, 'model__n_estimators': 300}",,sqrt,5,300,0.7109944775213772,0.021379248004982147,0.7383125060544415,0.685927412533745,0.7249804297896351,0.6857982091892355,0.7199538300398296,0.7121745299496213,0.021174178309479694,0.7392080918824323,0.6859823267412345,0.726041390786541,0.6886273898021402,0.7210134505357582,0.8628433212817471,0.004710208635533276,0.8715023301353814,0.8598931034418363,0.8587042067300951,0.859950890116636,0.8641660759847866,0.8644307377284675,0.004523701711690922,0.8726368597584332,0.8613460582540298,0.8602478618597268,0.8620215065243045,0.8659014022458423,25
"{'model__max_depth': 10, 'model__max_features': 'sqrt', 'model__min_samples_leaf': 2, 'model__n_estimators': 600}",10.0,sqrt,2,600,0.7108119481197311,0.01834116229001552,0.7319016139537818,0.6965147671152995,0.7284507914771523,0.6840492209618163,0.7131433470906061,0.7110671781663703,0.017954910893844815,0.732155510479072,0.6952921699022493,0.7282694742646925,0.686227580393736,0.713391155792102,0.9001106057950794,0.0038335153312293916,0.9000478627012546,0.8974091556547888,0.9006803741783838,0.9068400932135058,0.8955755432274644,0.9000363019744999,0.004229072087483033,0.8998845352477485,0.8971074126108158,0.9006246008318977,0.9075022800141287,0.8950626811679089,26
"{'model__max_depth': 10, 'model__max_features': 'sqrt', 'model__min_samples_leaf': 1, 'model__n_estimators': 300}",10.0,sqrt,1,300,0.7105768963468359,0.02050277285453821,0.7313922004051738,0.6977967306325515,0.7305966697317253,0.677696342693717,0.7154025382710114,0.7108909788269206,0.019876948012297002,0.7316581440157336,0.6966376788459051,0.7303144640397438,0.6802108842797004,0.7156337229535206,0.9262296762754781,0.0028215274587303323,0.9262893995348157,0.9299692435817478,0.9229768875827457,0.9287029858306305,0.923209864847451,0.9256116578424415,0.002960300991279786,0.9256992835477603,0.9291714282901958,0.9224418657916864,0.9286113455168808,0.9221343660656834,27
"{'model__max_depth': 10, 'model__max_features': 'sqrt', 'model__min_samples_leaf': 2, 'model__n_estimators': 300}",10.0,sqrt,2,300,0.7096987588953143,0.01950424638186906,0.7356777732417573,0.6924755621761177,0.7268098909002685,0.6844528906714712,0.7090776774869573,0.7099284094510707,0.019274628531367455,0.7359583243458765,0.691202190352147,0.7266874188988014,0.6865181842038749,0.7092759294546535,0.8996593828063741,0.0016016923153490369,0.8972125633365663,0.8994349231404709,0.8992853735221265,0.9021852742393056,0.900178779793401,0.8995326969942399,0.0018050042337664704,0.8970326474637723,0.8991888393071785,0.8992803957400364,0.9026721538438824,0.8994894486163295,28
"{'model__max_depth': 10, 'model__max_features': 0.5, 'model__min_samples_leaf': 2, 'model__n_estimators': 600}",10.0,0.5,2,600,0.7084461586080987,0.013451898412153706,0.7238631749526417,0.7037589553851022,0.7177922657943689,0.6850619896330908,0.7117544072752894,0.7085548104331483,0.013068687993942387,0.7237975993262252,0.7027726481710584,0.7177972158631224,0.6863999109927573,0.7120066778125783,0.9130734485735719,0.0010968483623432044,0.9133872731058301,0.9145186732177617,0.9125264996224159,0.913649446452212,0.9112853504696398,0.912849826634598,0.0013068023553010149,0.9132830187708004,0.9141499891536066,0.9125944099997311,0.9137696517531596,0.9104520634956922,29
"{'model__max_depth': 10, 'model__max_features': 'sqrt', 'model__min_samples_leaf': 5, 'model__n_estimators': 600}",10.0,sqrt,5,600,0.7083639112789553,0.01972604803945071,0.732761452156726,0.6910898882145361,0.7264928344369462,0.6815170677375403,0.7099583138490274,0.7090621970244181,0.019231777948119155,0.7332777018836983,0.6904919464166724,0.7266333615108979,0.6844191370409204,0.7104888382699014,0.8398524506898053,0.005149170283957394,0.8431739981990538,0.8438551823814525,0.8409348706225774,0.841523082147011,0.8297751200989311,0.8404714859954288,0.005146166069246465,0.8435132851459324,0.8442819176423688,0.8418804428357204,0.8423631187034603,0.8303186656496622,30
"{'model__max_depth': 10, 'model__max_features': 'sqrt', 'model__min_samples_leaf': 5, 'model__n_estimators': 300}",10.0,sqrt,5,300,0.707233639658419,0.01885407474719383,0.734507728523214,0.6853543589211153,0.7192047105209566,0.687133423567532,0.7099679767592771,0.7079750993256664,0.018626113142933345,0.7351503610597282,0.6846475809016579,0.7193792712290135,0.6902094451680313,0.7104888382699014,0.8392456155142185,0.004480626169341266,0.8397650270734816,0.8406556598718152,0.8427655678183972,0.8424742277771666,0.8305675950302319,0.8399141845763097,0.004595476408235833,0.8400463600102103,0.8413195991112393,0.8436325234314279,0.8434490490192627,0.8311233913094078,31
"{'model__max_depth': 10, 'model__max_features': 0.5, 'model__min_samples_leaf': 1, 'model__n_estimators': 600}",10.0,0.5,1,600,0.7043806513453836,0.015473365801464035,0.7204093719429846,0.6995176995176995,0.7136186781000201,0.6765285625440279,0.7118289446221865,0.7043580567748774,0.014875504233011292,0.7201097764889098,0.6981014610006785,0.7134166325028812,0.6782740092804563,0.7118884046014607,0.9332776021188964,0.0023462030958277605,0.9323761806572275,0.9379098663698633,0.931831348973264,0.9316101458881653,0.932660468705962,0.932627370814442,0.002107665136987247,0.9318721928658786,0.9368276608399008,0.9315892976193586,0.9313142667743356,0.9315334359727361,32
"{'model__max_depth': 10, 'model__max_features': 0.5, 'model__min_samples_leaf': 1, 'model__n_estimators': 300}",10.0,0.5,1,300,0.7029470440945544,0.015452875727286047,0.7227520476200479,0.7012734861607776,0.7120802103576557,0.6762032236736587,0.7024262526606323,0.7029676895255671,0.014679863165238161,0.7224798021282782,0.7000281775646119,0.7116520881026581,0.6782199518925527,0.7024584279397342,0.9326224430209186,0.0031342133327969283,0.9319055970685195,0.9383690590409697,0.9295490558008273,0.9301917406078002,0.9330967625864764,0.9319982125710036,0.0027971050902305342,0.9314335963746506,0.9371763695512016,0.929293129368134,0.9298506055997677,0.9322373619612639,33
"{'model__max_depth': 10, 'model__max_features': 0.5, 'model__min_samples_leaf': 2, 'model__n_estimators': 300}",10.0,0.5,2,300,0.701828427662827,0.01680094819619265,0.7223076918970371,0.6900744697724193,0.7142857142857143,0.675837968874495,0.7066362934844693,0.702248552982788,0.016219007245075835,0.7222373526208391,0.6892653153529028,0.7142884439332978,0.6782199518925527,0.7072317011143477,0.9129211229781943,0.0019204116500532566,0.9151904279872906,0.9144304257724848,0.9134099059291602,0.9098742070140792,0.9117006481879572,0.9126909793207382,0.001873583561148682,0.9150383736918712,0.913984754854471,0.9133956499336913,0.9100556005437962,0.9109805175798611,34
"{'model__max_depth': 10, 'model__max_features': 0.5, 'model__min_samples_leaf': 5, 'model__n_estimators': 600}",10.0,0.5,5,600,0.7001888250503436,0.019789269474847944,0.7264218465084337,0.6835934146703314,0.7178221189008368,0.6740691286880542,0.6990376164840622,0.7008038127781249,0.019377879885906172,0.7267924499068815,0.6826566485145102,0.7180878196732611,0.676874442948897,0.6996077028470747,0.8518090411627416,0.004569852397924737,0.8602354146396766,0.8513880840907504,0.849052431547347,0.8516200942894573,0.8467491812464761,0.852451136618099,0.0044759064958202035,0.8606122500887957,0.8519355436503925,0.8499251882786263,0.8525194354878094,0.8472632655848713,35
"{'model__max_depth': 10, 'model__max_features': 0.5, 'model__min_samples_leaf': 5, 'model__n_estimators': 300}",10.0,0.5,5,300,0.6999223907640278,0.018520313322691394,0.7249234517443147,0.6816546345006284,0.7122159975101151,0.6758469706719721,0.7049708993931086,0.7005517524414844,0.01805158031511672,0.7249772862455961,0.6809563199375015,0.7124157847572677,0.6786288289138094,0.7057805423532475,0.8523076856788349,0.002770239887919078,0.8573614980816391,0.850984124044725,0.8514350824894313,0.8526443361613318,0.849113387617047,0.8529244932566111,0.002659852128779003,0.8576869260259504,0.8514818899301174,0.8522950343961284,0.8533954757856632,0.8497631401451965,36
